{
    "loss": 5.87194299697876,
    "accuracy": 0.5775862336158752
}