{
    "loss": 2.1201915740966797,
    "accuracy": 0.8103448152542114
}