{
    "loss": 0.6398412585258484,
    "accuracy": 0.9482758641242981
}